subject,il_fun,trial_type,trial,p1_1,p1_2,p1_3,p1_4,p1_5,p1_6,p1_7,p1_8,p1_9,p1_10,p1_11,p1_12,p1_13,p1_14,p1_15,p1_16,p1_17,p1_18,p1_19,p1_20,p1_21,p1_22,p1_23,p1_24,p1_25,p1_26,p1_27,p1_28,p1_29,p1_30,p2_1,p2_2,p2_3,p2_4,p2_5,p2_6,p2_7,p2_8,p2_9,p2_10,p2_11,p2_12,p2_13,p2_14,p2_15,p2_16,p2_17,p2_18,p2_19,p2_20,p2_21,p2_22,p2_23,p2_24,p2_25,p2_26,p2_27,p2_28,p2_29,p2_30
6163,Signalled,Forced Exposure,1,182,84,1169,95,83,160,57,87,49,249,112,71,144,101,61,119,142,61,137,174,143,92,132,117,105,187,84,102,117,128,78,91,425,7245,2055,7503,96,5131,215,115,8786,181,1863,272,98,208,144,162,779,229,93,100,121,99,131,183,66,117,136,90
6163,Signalled,Forced Exposure,2,121,61,257,102,115,75,42,117,108,107,57,213,70,59,76,257,59,99,111,127,149,86,79,118,123,65,102,85,112,58,107,118,113,141,2351,314,1598,407,1816,241,803,293,373,586,241,185,200,122,237,310,94,130,126,2017,140,340,285,227,215,487
6163,Signalled,Forced Exposure,3,84,92,73,124,96,68,52,44,89,156,109,59,120,93,106,106,85,65,121,93,63,89,280,71,59,116,96,56,106,77,104,107,1666,107,194,240,156,373,837,306,201,1127,252,100,490,91,66,613,93,833,68,107,222,421,121,64,76,806,135,106
6163,Signalled,Forced Exposure,4,62,66,50,163,83,87,102,229,150,70,91,172,101,159,85,80,107,95,87,213,73,116,114,90,59,114,108,126,60,103,147,265,175,356,1154,132,204,257,780,253,415,2644,722,1951,378,146,109,1372,166,132,62,67,149,224,98,80,75,93,682,88
6163,Signalled,Forced Exposure,5,70,92,58,84,86,92,113,176,108,107,222,133,86,126,219,113,82,109,230,93,68,97,86,95,88,89,93,345,79,64,140,719,489,3038,440,173,369,250,433,5065,241,239,857,549,598,1778,190,103,141,128,58,142,441,170,81,83,144,91,78,311
6163,Signalled,Forced Exposure,6,95,94,116,77,93,133,232,262,78,68,253,104,91,93,174,112,120,135,271,100,63,173,84,91,86,105,95,101,111,91,147,173,120,217,300,232,305,237,498,128,187,113,1050,288,269,508,114,207,74,64,85,189,164,156,67,69,125,209,102,151
6163,Signalled,Forced Exposure,7,138,60,125,30,81,49,141,326,109,177,609,161,269,91,190,141,187,137,102,460,105,98,76,348,76,107,119,115,86,53,116,191,370,583,336,274,157,275,696,95,80,277,281,623,368,352,695,684,648,54,61,92,505,163,131,220,310,92,545,204
6163,Signalled,Forced Exposure,8,54,78,73,64,128,50,563,58,220,393,269,131,250,123,155,152,107,109,106,148,67,119,94,106,132,95,296,108,89,86,94,402,425,581,362,241,197,730,573,153,109,342,302,311,420,378,94,218,264,88,91,230,70,119,104,112,94,72,120,81
6163,Signalled,Forced Exposure,9,56,59,68,58,150,76,193,327,132,209,371,149,327,83,83,154,70,63,136,120,131,91,131,358,107,140,82,101,307,99,100,799,229,262,316,245,2270,382,990,3105,224,146,398,157,356,193,61,204,182,40,139,89,145,238,88,85,62,85,117,347
6163,Signalled,Forced Exposure,10,60,92,70,96,102,574,277,185,164,144,661,108,152,125,143,123,97,112,152,121,190,99,57,113,99,132,85,122,91,137,198,114,208,5918,573,142,1178,322,275,3267,3157,153,147,716,342,164,190,1254,159,43,56,85,164,129,388,81,108,74,74,149
6163,Signalled,Forced Exposure,11,92,178,115,58,144,82,174,1683,96,88,2606,192,166,103,97,196,124,99,157,158,77,110,116,135,102,97,88,4423,87,612,135,141,458,489,161,240,178,88,94,1380,153,1417,334,434,422,150,89,572,586,118,316,93,363,69,1021,78,98,111,624,79
6163,Signalled,Forced Exposure,12,69,123,97,98,152,248,878,2414,198,234,216,413,170,113,103,287,226,128,119,114,117,140,61,330,71,137,139,114,105,184,104,178,145,570,106,72,148,116,279,413,2320,195,431,369,825,854,10,198,126,54,87,89,112,56,149,89,108,95,107,98
6163,Signalled,Forced Exposure,13,121,62,89,246,108,347,146,328,92,95,172,105,848,97,221,260,209,71,130,86,138,68,238,59,133,114,110,84,88,87,93,449,90,1396,150,111,402,81,475,195,1597,4949,251,296,330,238,287,425,59,46,89,262,586,138,66,93,93,132,93,66
6163,Signalled,Forced Exposure,14,64,60,269,381,71,87,220,579,142,196,169,375,164,136,116,268,63,65,336,217,86,87,87,132,77,65,93,128,99,105,104,260,115,233,213,177,106,303,322,382,3345,507,298,492,426,149,148,254,116,416,159,225,128,60,82,37,100,716,130,232
6163,Signalled,Forced Exposure,15,89,121,287,269,90,224,81,1045,57,271,398,308,122,200,115,173,142,103,90,280,385,112,118,112,84,88,81,164,90,101,249,138,179,425,41115,343,518,105,248,885,1082,190,340,65,1553,133,44,799,69,124,152,162,129,496,101,61,79,142,105,191
6163,Signalled,Forced Exposure,16,55,141,202,171,90,79,637,434,92,332,146,174,200,99,87,206,214,163,151,147,102,177,202,129,695,88,65,120,84,115,138,397,145,163,884,132,120,102,616,405,1101,88,251,400,311,272,113,115,295,147,72,115,167,247,96,167,322,75,93,59
6163,Signalled,Forced Exposure,17,85,109,187,334,100,435,450,184,181,205,195,675,333,189,95,137,209,69,94,79,88,144,805,104,102,109,65,175,147,134,79,141,346,150,938,114,114,179,308,3341,1648,783,1585,1346,3980,86,360,94,156,76,356,90,174,123,82,100,97,138,112,329
6163,Signalled,Forced Exposure,18,42,93,435,353,239,439,294,46,134,193,103,405,88,137,269,292,215,96,169,328,98,83,82,91,104,105,76,551,62,120,62,358,283,143,88,140,114,67,167,992,2635,182,856,317,332,89,163,257,202,53,54,205,624,62,190,89,75,94,115,132
6163,Signalled,Forced Exposure,19,100,77,409,230,63,216,436,159,83,293,59,113,208,122,59,167,164,219,145,81,66,140,122,105,80,101,118,127,82,91,111,45,482,286,155,382,119,381,225,123,10346,555,298,186,429,344,211,68,374,108,102,161,57,406,60,81,103,809,80,126
6163,Signalled,Forced Exposure,20,135,95,130,146,178,285,414,92,188,767,191,160,206,216,268,124,105,112,157,90,107,537,115,100,93,113,179,126,150,37,102,298,331,292,0,145,106,421,194,10662,0,179,0,243,837,276,261,291,261,90,164,102,110,100,231,82,99,64,133,82
6163,Unsignalled,Forced Exposure,1,14219,41,52,59,128,139,40,99,68,99,147,257,118,146,68,125,54,123,66,109,125,102,96,57,169,135,314,119,678,116,118,140,148,144,199,1254,4736,91,441,142,90,136,236,104,5038,175,356,120,710,464,272,287,4352,2599,1424,3099,2508,1508,8234,1127
6163,Unsignalled,Forced Exposure,2,64,40,41,18,171,91,233,91,57,60,115,390,150,59,105,87,127,56,149,57,95,66,259,68,137,392,174,247,801,194,124,140,61,2422,805,1756,438,91,373,547,77,390,355,222,397,831,6693,922,561,541,278,362,784,380,2559,434,396,151,911,614
6163,Unsignalled,Forced Exposure,3,96,62,99,64,187,124,218,222,172,89,142,291,75,70,88,63,66,115,258,81,70,115,398,365,89,149,181,111,136,262,67,98,89,181,87,587,84,1242,172,1918,9080,158,2076,2647,527,625,7455,581,175,430,239,264,367,1772,422,268,286,697,869,3396
6163,Unsignalled,Forced Exposure,4,113,36,135,59,60,101,148,341,177,118,107,157,134,59,243,41,64,163,69,100,147,213,222,119,96,452,180,396,382,187,80,1527,94,360,219,15289,65,252,2178,431,587,86,4666,2724,381,714,2336,291,553,2265,250,204,406,844,552,914,106,111,153,506
6163,Unsignalled,Forced Exposure,5,40,110,80,58,64,102,62,392,97,419,463,130,285,102,59,184,65,393,64,495,59,195,651,310,61,310,394,287,242,126,151,858,104,104,219,2758,6346,254,200,257,326,168,671,1862,469,2497,538,4833,240,513,866,105,1032,1396,960,1532,119,984,500,275
6163,Unsignalled,Forced Exposure,6,81,468,54,164,75,71,56,379,643,319,69,63,97,256,125,98,385,165,179,141,85,170,352,179,157,257,226,286,238,135,208,687,2721,690,85,3283,83,1200,884,612,2869,793,1328,797,844,148,478,336,313,257,226,188,922,887,1960,1386,123,546,401,867
6163,Unsignalled,Forced Exposure,7,89,138,62,160,223,61,89,129,78,110,96,61,53,79,83,448,865,237,281,204,266,131,355,214,245,100,171,96,465,286,141,401,373,152,155,1633,419,1049,724,221,910,1295,328,689,366,353,520,691,1013,564,190,159,476,1319,628,215,155,97,551,1940
6163,Unsignalled,Forced Exposure,8,119,88,66,70,286,315,77,299,291,144,131,88,90,191,127,164,70,166,158,182,190,115,75,143,142,105,228,108,429,251,60,559,1106,5547,2843,90,85,1537,812,7100,239,96,1259,759,345,1710,219,226,821,127,464,612,264,494,3715,692,288,274,245,907
6163,Unsignalled,Forced Exposure,9,78,86,201,59,315,347,196,175,141,112,259,52,89,783,146,339,154,175,113,168,136,234,860,129,143,136,187,1278,199,179,78,382,72,78,2839,500,260,417,987,1720,339,1153,159,1666,717,1538,191,722,361,385,100,519,375,875,3053,166,1826,559,935,288
6163,Unsignalled,Forced Exposure,10,89,655,219,196,199,1085,237,354,737,212,222,71,107,175,533,107,417,90,67,72,145,313,608,129,249,145,175,167,689,243,61,952,2018,833,79,104,324,176,83,2495,198,2359,840,175,416,2933,2285,1941,1103,1015,177,185,141,661,1500,437,1250,1340,144,120
6163,Unsignalled,Forced Exposure,11,125,120,71,190,131,234,426,412,146,195,142,102,518,83,162,290,324,137,116,296,201,263,105,248,217,187,236,140,261,439,65,1726,91,866,493,274,107,1488,226,558,3563,913,650,156,719,121,666,574,563,270,489,1819,1513,2197,423,400,208,213,514,2063
6163,Unsignalled,Forced Exposure,12,155,153,267,63,1467,146,184,392,106,70,111,153,173,261,142,426,371,113,260,344,33,235,159,334,199,63,135,273,326,262,121,533,2976,91,521,165,87,788,5618,140,2539,167,10866,1185,438,340,170,1182,1955,406,161,466,1934,1064,160,206,231,147,507,947
6163,Unsignalled,Forced Exposure,13,104,101,258,126,939,109,93,120,333,121,366,329,157,220,283,481,124,63,119,168,146,183,306,217,370,329,267,98,302,140,69,1055,107,129,2701,223,86,300,448,117,4174,572,1529,407,1057,2095,380,304,2191,272,668,260,336,268,1113,242,126,92,347,665
6163,Unsignalled,Forced Exposure,14,421,83,68,219,286,181,382,119,233,83,577,123,67,311,293,123,507,143,258,156,391,82,131,378,142,335,311,235,143,230,130,182,72,178,223,4124,2675,827,160,135,1486,502,35854,994,1508,1421,536,113,983,339,551,996,1428,1269,105,202,1136,311,1115,1360
6163,Unsignalled,Forced Exposure,15,130,64,197,199,305,493,628,65,492,175,62,177,147,123,419,100,247,100,143,73,103,252,94,392,95,246,34,341,107,318,144,163,102,214,250,84,518,158,977,1152,6224,789,835,219,481,696,454,229,732,313,269,161,427,4722,492,164,400,413,195,767
6163,Unsignalled,Forced Exposure,16,273,195,276,855,1235,547,437,165,585,164,157,279,52,143,181,280,252,76,291,63,125,139,384,122,149,248,64,194,616,205,142,97,83,83,99,973,63,178,558,1086,2315,439,2214,511,638,1348,398,1199,220,527,593,1404,254,2103,1845,440,396,747,401,1047
6163,Unsignalled,Forced Exposure,17,339,303,794,586,123,101,222,63,545,285,232,223,69,87,292,229,74,148,99,161,398,153,512,60,220,164,232,219,213,334,69,75,116,59,735,2044,300,2025,431,155,2967,420,6428,647,522,442,228,794,1168,106,61,223,364,3288,1172,212,201,231,231,197
6163,Unsignalled,Forced Exposure,18,131,176,193,921,85,82,555,93,352,806,109,116,56,126,224,130,172,98,331,69,262,135,177,177,408,165,229,104,264,290,110,10238,111,99,394,1251,308,285,215,279,814,253,923,1632,2336,583,1307,553,272,189,112,487,635,425,196,143,245,95,361,254
6163,Unsignalled,Forced Exposure,19,80,306,159,455,319,275,1152,155,252,216,262,289,59,255,140,188,89,147,266,217,196,174,386,70,264,201,431,311,429,408,162,227,55,83,1388,276,785,587,700,1272,279,339,0,429,928,373,522,1159,552,172,182,570,279,274,129,159,407,367,279,449
6163,Unsignalled,Forced Exposure,20,117,127,1192,853,111,293,110,128,122,175,145,732,153,381,156,130,147,66,242,605,226,224,156,40,146,58,59,132,96,252,170,152,76,104,0,525,131,251,465,1342,1734,125,0,710,809,901,203,450,1683,152,1241,396,472,523,465,439,70,406,360,922
6159,Signalled,Forced Exposure,1,66,60,83,50,49,34,56,37,118,53,71,64,54,66,53,51,93,82,65,55,60,288,103,71,82,236,136,3496,517,113,83,330,112,141,125,106,129,106,121,153,76,76,266,82,89,77,72,68,92,74,110,114,106,108,164,184,146,91,86,89
6159,Signalled,Forced Exposure,2,49,50,46,58,61,71,43,63,67,126,75,92,236,76,58,69,81,61,93,55,69,778,56,61,76,62,81,803,585,289,252,5156,101,381,291,181,147,87,97,67,110,134,95,59,193,224,61,96,67,81,218,210,135,92,119,85,72,69,147,76
6159,Signalled,Forced Exposure,3,51,45,80,105,35,103,57,52,208,111,64,55,111,61,55,53,77,96,329,67,299,187,155,101,261,65,300,1123,1244,58,111,2763,7762,590,304,1570,128,143,1173,64,166,72,454,58,63,340,935,59,194,78,184,86,269,75,99,72,105,90,139,63
6159,Signalled,Forced Exposure,4,51,54,56,44,87,56,64,106,309,50,95,288,101,63,104,89,87,152,393,50,76,104,621,230,974,68,44,512,656,56,248,2847,127,828,405,121,157,157,135,91,65,633,153,117,60,427,73,59,139,82,79,59,74,125,97,111,81,123,67,60
6159,Signalled,Forced Exposure,5,50,44,37,106,132,94,75,73,96,61,303,111,83,90,55,103,258,43,76,112,233,438,75,254,65,205,69,674,181,295,240,292,228,433,134,258,125,156,73,92,83,80,71,181,63,134,59,82,94,107,90,81,60,153,88,85,584,74,130,71
6159,Signalled,Forced Exposure,6,68,45,52,97,50,59,87,64,73,97,68,213,68,78,115,62,211,85,480,178,122,663,72,100,137,55,147,526,196,71,219,1781,89,3114,1162,225,321,99,230,75,66,95,69,75,70,102,272,82,70,60,122,60,64,95,110,110,74,135,97,113
6159,Signalled,Forced Exposure,7,69,71,52,76,62,66,256,74,126,57,109,77,57,79,59,60,390,133,528,203,441,397,101,610,922,117,68,55,62,47,1464,6932,221,465,522,172,417,157,86,79,86,72,577,75,100,61,77,59,145,213,58,71,56,90,82,63,74,64,103,359
6159,Signalled,Forced Exposure,8,305,56,55,120,124,105,66,208,62,135,269,122,53,177,75,222,68,334,157,59,349,632,522,873,92,498,159,130,79,165,473,240,398,166,1310,1525,742,102,131,78,68,111,89,134,64,94,59,65,103,64,83,98,72,77,85,348,122,58,60,89
6159,Signalled,Forced Exposure,9,58,53,141,52,117,233,178,118,117,142,58,91,62,199,357,100,86,81,404,112,246,82,103,300,83,77,358,110,301,91,1752,5458,516,359,260,195,124,128,138,78,73,106,122,114,62,57,888,559,62,53,84,84,119,200,84,118,139,88,68,69
6159,Signalled,Forced Exposure,10,53,50,94,54,64,60,108,85,1215,398,59,157,234,617,62,360,163,174,586,306,279,86,177,525,60,64,66,475,204,245,774,3065,3506,411,183,255,197,85,98,282,155,300,78,76,57,123,64,98,76,231,63,145,134,134,96,116,71,64,71,60
6159,Signalled,Forced Exposure,11,102,50,45,180,58,52,142,161,63,185,274,310,261,93,104,474,207,202,547,102,537,182,160,169,89,56,61,51,126,95,4695,361,7414,103,228,290,152,404,151,91,177,61,180,63,66,66,198,71,69,90,114,117,78,67,63,182,70,95,56,54
6159,Signalled,Forced Exposure,12,94,45,31,889,99,61,65,70,482,56,642,1076,116,224,211,423,89,346,334,414,390,403,169,89,230,52,110,528,94,201,615,203,923,194,625,327,335,639,76,107,289,82,85,68,80,98,68,114,53,61,99,116,113,86,62,55,377,89,124,62
6159,Signalled,Forced Exposure,13,54,62,51,250,99,979,117,97,604,135,50,72,556,205,574,326,68,69,377,528,648,161,149,535,556,64,164,185,60,78,1357,331,239,147,614,203,115,154,775,83,108,473,236,68,94,92,55,175,94,71,91,121,106,117,263,88,68,108,119,148
6159,Signalled,Forced Exposure,14,48,47,46,999,306,157,226,500,122,179,319,171,63,324,290,78,112,88,122,385,291,161,73,464,139,157,201,472,275,42,2755,669,359,1015,302,409,268,122,86,78,2369,99,72,88,60,69,149,57,179,102,247,63,147,84,875,214,93,66,177,85
6159,Signalled,Forced Exposure,15,59,50,92,67,97,100,61,315,212,238,157,83,230,64,54,575,243,204,106,245,55,138,68,93,439,58,523,72,185,98,210,1754,190,152,287,333,124,145,118,206,226,327,79,111,57,81,88,363,381,99,280,67,103,57,121,819,380,86,90,54
6159,Signalled,Forced Exposure,16,52,141,92,59,395,41,53,105,182,424,363,51,198,459,235,84,76,200,147,300,87,303,290,59,53,232,65,182,65,402,3682,2662,297,473,789,98,115,379,134,77,263,108,146,57,72,85,56,82,111,99,133,107,133,116,83,106,76,97,72,59
6159,Signalled,Forced Exposure,17,107,46,119,121,56,61,60,87,214,435,67,266,706,57,65,164,61,134,189,340,129,71,183,319,70,408,112,87,106,127,15977,363,143,103,468,1031,205,145,93,92,430,108,85,85,89,1234,627,80,75,180,63,63,68,97,136,64,177,108,115,54
6159,Signalled,Forced Exposure,18,54,68,87,75,65,56,81,62,676,238,78,165,600,95,157,60,68,159,131,62,587,77,140,60,133,81,90,330,90,109,3463,1849,807,576,330,630,121,120,100,931,81,83,1361,58,93,62,61,53,337,204,421,121,79,71,75,98,195,102,85,90
6159,Signalled,Forced Exposure,19,48,76,183,51,103,98,134,398,102,273,61,215,56,239,54,123,74,73,102,636,85,100,222,214,63,151,81,370,102,563,865,93,453,149,2138,640,101,98,78,73,157,341,127,68,65,66,711,1165,80,117,71,95,95,59,120,74,114,228,66,125
6159,Signalled,Forced Exposure,20,88,47,67,56,52,126,168,156,3475,268,366,279,229,86,97,69,241,104,72,255,90,172,233,70,74,228,61,92,168,86,7675,129,102,266,115,181,119,113,79,396,74,85,124,54,72,77,60,58,108,139,78,59,121,61,70,97,109,102,62,134
6159,Unsignalled,Forced Exposure,1,97,118,118,108,106,102,73,174,121,60,139,398,282,245,346,98,153,259,108,110,156,137,153,77,396,109,104,96,230,128,91,227,404,80,117,98,313,152,111,77,314,476,1020,378,84,147,2021,281,2138,595,224,256,2513,233,783,665,899,82,278,463
6159,Unsignalled,Forced Exposure,2,301,170,138,116,107,68,59,163,304,300,115,138,532,227,463,421,417,208,282,129,162,366,139,74,221,230,200,177,86,371,107,59,69,230,36,619,480,338,144,227,663,1983,4085,533,577,129,4114,1522,430,346,77,728,371,80,115,230,1028,658,306,422
6159,Unsignalled,Forced Exposure,3,92,540,78,111,92,336,135,85,129,114,128,255,405,468,167,204,405,189,108,88,398,422,311,99,256,144,119,179,145,227,225,238,205,343,58,1704,1280,332,62,789,597,252,650,110,345,251,168,581,174,706,1092,535,306,957,134,338,302,2615,990,2046
6159,Unsignalled,Forced Exposure,4,64,587,287,131,93,87,78,132,285,202,241,361,1164,256,217,320,308,142,102,88,140,105,105,274,178,197,205,141,185,234,107,344,425,1055,83,362,157,77,840,466,166,139,1845,765,948,325,1798,2122,481,377,1947,167,160,95,181,2144,522,1456,698,328
6159,Unsignalled,Forced Exposure,5,114,1746,51,101,247,150,333,177,76,161,256,285,389,428,424,694,172,161,141,92,133,147,262,78,409,174,244,87,119,349,203,81,53,1611,89,822,206,175,191,10069,228,490,1875,485,2198,65,927,209,388,552,445,307,704,441,434,867,399,2387,1229,839
6159,Unsignalled,Forced Exposure,6,132,137,110,82,166,281,141,76,67,124,650,461,422,644,147,188,287,212,285,93,168,143,186,97,283,196,86,165,223,321,58,193,441,81,280,4681,321,126,244,155,237,520,117,146,420,76,434,1053,1250,1243,308,2594,2512,411,190,478,3894,518,559,313
6159,Unsignalled,Forced Exposure,7,124,180,104,112,92,141,89,153,223,168,325,475,874,311,412,172,197,197,181,76,131,539,142,200,257,126,110,311,184,413,893,140,821,71,206,1309,336,106,104,392,251,589,393,444,307,187,785,424,5119,1132,1265,441,2844,1561,76,1540,695,233,1737,401
6159,Unsignalled,Forced Exposure,8,197,356,138,62,95,246,165,102,102,132,328,636,221,115,216,849,306,419,350,113,207,126,411,241,281,154,150,255,88,219,528,109,685,479,96,450,1693,138,71,684,193,318,571,336,550,427,245,326,613,371,2453,196,85,1277,72,3384,1836,664,277,564
6159,Unsignalled,Forced Exposure,9,118,443,241,72,131,188,57,73,78,132,226,584,337,413,494,165,632,185,247,143,130,120,188,263,238,302,275,95,220,237,169,321,1084,85,247,100,175,1209,339,238,268,881,424,74,1381,212,3000,466,437,239,261,262,97,81,1069,3001,142,170,1714,1372
6159,Unsignalled,Forced Exposure,10,152,765,135,103,95,102,77,66,54,82,448,332,249,195,155,537,365,144,104,454,86,173,158,135,402,187,161,136,123,771,82,106,60,100,92,610,91,433,296,163,137,1094,404,85,85,70,1689,455,139,616,182,851,1745,1272,2630,446,400,246,328,196
6159,Unsignalled,Forced Exposure,11,89,156,152,142,57,475,161,531,202,240,201,244,223,163,581,335,620,120,408,244,110,74,431,365,180,490,177,148,270,281,199,60,99,65,82,1117,603,166,65,44,204,175,441,1696,84,219,777,452,3644,324,43,4057,520,157,76,2146,1576,197,694,514
6159,Unsignalled,Forced Exposure,12,112,302,104,150,109,227,83,153,113,230,370,220,445,184,163,305,278,238,181,146,162,101,302,235,176,226,126,383,108,281,66,264,127,59,1110,1629,807,167,683,246,424,134,1410,350,109,163,1103,753,1424,694,1996,161,2883,2286,112,183,119,1790,159,778
6159,Unsignalled,Forced Exposure,13,199,67,111,137,88,95,132,146,59,116,839,166,205,170,177,188,136,276,171,363,250,142,113,495,122,458,484,272,256,271,60,55,112,70,208,1980,78,387,230,208,120,217,529,75,152,204,926,1383,401,777,203,1172,442,1276,1525,1345,126,347,1053,268
6159,Unsignalled,Forced Exposure,14,528,126,312,184,156,285,235,116,2373,108,408,235,111,272,354,409,164,165,150,257,210,100,416,218,279,252,261,127,372,291,211,60,326,195,201,1194,270,520,603,407,267,758,466,93,257,240,988,148,1300,196,1296,1393,1467,345,579,260,381,176,501,1525
6159,Unsignalled,Forced Exposure,15,1884,96,158,67,140,114,117,343,117,56,827,423,103,1025,290,746,585,149,134,677,279,159,137,84,162,369,431,173,199,168,149,54,209,106,284,1375,479,258,1505,223,187,526,419,793,84,1175,281,1545,1478,168,346,1084,839,2062,1348,2537,1406,85,690,2027
6159,Unsignalled,Forced Exposure,16,334,133,136,63,116,525,481,89,109,72,187,321,295,142,327,445,254,569,275,232,100,100,222,88,120,130,88,76,266,384,74,183,1315,806,93,2400,70,922,1408,156,117,650,1002,261,443,156,706,290,1650,1200,3027,1035,486,2919,130,249,662,138,277,272
6159,Unsignalled,Forced Exposure,17,466,112,102,119,295,101,134,95,94,257,587,148,342,348,228,901,584,530,323,194,215,75,317,100,228,223,88,129,239,231,59,285,792,96,46,874,122,235,326,114,542,74,457,68,119,119,1268,1774,332,424,2277,2745,469,2476,2606,953,159,138,276,1387
6159,Unsignalled,Forced Exposure,18,2908,168,84,311,85,355,170,128,68,105,381,393,109,531,578,457,238,138,847,380,100,204,173,72,256,134,202,122,269,158,652,88,69,188,118,1026,392,315,216,594,257,891,415,462,123,225,799,845,745,2139,318,3885,1574,128,112,346,163,348,313,206
6159,Unsignalled,Forced Exposure,19,167,131,60,433,100,197,67,183,202,41,378,498,327,203,127,240,169,163,92,231,71,504,222,130,515,114,119,311,244,396,339,54,90,124,1573,1489,806,845,636,168,423,225,655,125,57,331,899,152,2310,509,3359,88,367,1416,504,4280,233,553,530,304
6159,Unsignalled,Forced Exposure,20,1729,298,73,599,104,116,100,61,231,468,269,575,419,266,344,133,505,138,244,137,698,92,137,84,272,318,85,386,406,378,54,133,702,41,724,234,120,404,100,384,402,1833,555,399,118,289,469,743,1315,1769,1267,273,70,67,201,2547,503,188,521,483
100,Signalled,Forced Exposure,1,128,80,133,81,1164,852,606,396,51,63,69,80,256,164,60,97,139,84,166,74,71,109,54,84,92,60,86,74,91,72,178,109,185,13754,1885,546,4098,157,99,30845,313,153,119,220,223,555,336,23665,6103,146,207,100,262,74,194,60,111,49,60,71
100,Signalled,Forced Exposure,2,83,115,130,65,1167,822,581,166,80,75,74,73,1704,45,138,91,65,70,90,77,78,72,69,101,75,48,59,51,61,68,161,78,207,168,189,244,138,273,253,555,186,161,168,131,276,339,342,661,245,155,138,73,135,131,63,126,193,47,52,51
100,Signalled,Forced Exposure,3,102,88,148,91,477,542,416,54,57,61,78,76,1347,92,80,80,76,131,82,67,57,90,63,100,80,58,81,78,81,85,205,144,304,1746,410,161,275,151,408,250,71,627,203,673,306,648,502,567,338,139,162,370,79,49,51,56,111,48,54,51
100,Signalled,Forced Exposure,4,150,66,60,62,235,1812,745,283,83,115,81,86,902,242,151,153,126,95,77,67,51,86,55,86,51,63,51,81,66,80,179,86,345,791,3940,250,257,114,276,3389,137,125,125,118,469,287,406,390,498,183,56,327,113,63,60,69,80,74,54,57
100,Signalled,Forced Exposure,5,125,104,110,144,207,727,441,279,78,51,90,90,840,133,97,135,94,78,81,73,51,54,79,73,85,75,85,112,81,73,196,122,168,176,136,227,164,169,567,354,272,185,56901,131,344,155,396,374,251,122,179,56,89,45,80,53,133,54,55,31
100,Signalled,Forced Exposure,6,123,162,104,77,108,283,254,306,995,73,105,96,455,68,95,108,130,88,75,105,83,71,167,100,65,52,48,56,77,60,165,106,182,694,1790,460,259,238,408,417,149,437,289,475,369,257,406,449,493,118,245,154,66,54,56,66,217,61,54,49
100,Signalled,Forced Exposure,7,78,83,125,80,75,315,322,100,90,73,69,47,447,129,98,65,95,93,112,87,87,125,76,78,73,81,70,115,78,67,169,208,112,369,637,183,201,172,745,433,296,179,2007,85,201,277,749,312,306,171,251,216,72,117,61,179,85,38,50,39
100,Signalled,Forced Exposure,8,89,177,154,97,155,598,269,98,63,78,77,52,516,134,153,99,92,68,77,51,82,58,93,87,47,57,110,58,48,80,88,176,277,512,431,605,232,646,483,130,331,400,456,234,307,758,443,266,379,130,184,103,96,61,79,46,52,56,108,55
100,Signalled,Forced Exposure,9,66,111,75,145,112,395,241,49,69,78,87,91,212,109,163,112,83,79,138,80,55,52,158,113,66,110,71,89,56,55,78,149,396,414,906,579,214,512,1169,708,160,126,556,200,406,224,293,382,271,139,98,81,108,53,55,73,57,96,31,50
100,Signalled,Forced Exposure,10,223,73,131,110,159,289,212,71,130,48,69,122,414,77,159,118,175,141,99,80,72,117,68,98,115,72,69,78,72,74,89,148,1322,441,421,721,166,132,279,345,149,470,484,150,277,285,331,718,313,123,120,149,78,60,57,70,31,57,48,57
100,Signalled,Forced Exposure,11,267,117,84,61,168,497,141,167,143,55,85,83,271,105,281,77,82,90,126,113,201,81,80,132,84,84,75,50,48,81,109,100,305,1209,416,427,261,150,148,203,345,157,345,127,352,162,461,1111,286,174,91,296,77,105,59,78,116,120,44,60
100,Signalled,Forced Exposure,12,73,86,136,111,96,182,57,152,50,52,181,52,202,93,139,153,142,133,78,63,66,64,53,89,48,69,59,63,49,59,95,110,385,2344,474,402,328,238,230,85,295,251,160,151,197,112,534,504,165,144,111,98,72,67,83,74,86,64,37,45
100,Signalled,Forced Exposure,13,103,78,69,82,164,218,283,200,72,109,75,81,469,100,132,87,86,103,53,113,76,90,48,75,71,75,74,87,48,79,98,78,284,278,1167,438,276,502,189,456,358,174,118,137,519,432,303,415,304,301,126,96,80,56,146,61,72,61,41,73
100,Signalled,Forced Exposure,14,73,160,88,178,99,327,202,75,102,72,73,91,445,90,117,94,79,99,92,84,65,118,68,121,68,75,52,120,57,75,129,130,188,653,1071,1215,361,207,167,301,250,151,111,225,191,322,468,861,224,194,188,84,347,59,62,79,61,80,42,50
100,Signalled,Forced Exposure,15,75,101,72,254,102,207,186,153,73,51,88,105,487,146,116,134,94,135,93,81,83,66,55,88,79,66,50,75,56,73,229,469,108,210,256,717,393,1197,1367,84,149,153,147,167,443,260,799,370,253,188,212,72,191,54,115,50,88,50,67,46
100,Signalled,Forced Exposure,16,106,49,48,112,117,282,97,117,67,119,93,85,1363,169,113,105,86,72,69,77,113,132,84,98,63,69,59,69,50,46,110,529,223,519,89,44,225,543,77,89,381,88,95,225,443,532,251,854,418,220,170,69,57,54,76,61,66,52,37,58
100,Signalled,Forced Exposure,17,108,133,84,162,150,131,68,97,172,66,123,77,1199,88,108,149,109,91,83,88,79,76,65,57,51,84,73,46,44,72,101,238,133,493,1563,178,107,469,165,190,157,602,102,145,335,257,1054,204,158,104,114,91,309,80,53,63,60,39,39,59
100,Signalled,Forced Exposure,18,147,62,58,58,224,105,168,142,87,51,116,144,217,133,92,76,186,59,72,65,115,120,65,82,49,63,95,65,48,69,202,173,716,186,565,1050,128,170,294,293,301,88,172,622,257,156,0,315,145,155,151,68,218,53,57,56,46,46,41,44
100,Signalled,Forced Exposure,19,129,60,99,83,178,221,98,88,46,48,90,91,1118,106,121,82,114,105,64,73,72,103,62,81,56,56,53,84,57,79,142,159,292,451,371,162,87,170,328,427,206,179,200,167,182,163,0,402,267,149,119,52,59,67,77,57,46,82,51,91
100,Signalled,Forced Exposure,20,89,78,170,146,180,144,191,72,43,91,92,84,126,76,128,71,71,94,119,90,77,76,86,87,68,85,74,69,44,72,159,188,229,1239,659,168,198,179,113,381,464,98,0,107,210,151,0,2202,125,173,147,48,49,54,88,58,46,99,88,52
100,Unsignalled,Forced Exposure,1,51,76,155,100,10641,195,231,131,67,200,169,112,166,99,144,46,86,60,65,65,47,2322,59,71,75,54,73,1664,117,94,191,198,152,43070,1685,301,158,145,281,2112,13953,529,286,580,1950,752,2635,52811,430,635,616,4045,738,5600,383,68,363,438,469,178
100,Unsignalled,Forced Exposure,2,52,150,229,125,1654,440,759,165,84,99,76,112,175,53,62,55,153,91,48,59,123,139,82,64,64,105,92,100,93,75,267,122,711,4313,534,173,203,214,918,8394,2180,690,205,928,4475,1574,3045,1607,303,157,194,266,520,270,427,541,223,506,710,433
100,Unsignalled,Forced Exposure,3,566,103,167,130,15405,229,423,269,50,111,88,81,1226,117,54,120,161,136,49,119,85,83,82,104,61,70,128,137,57,49,206,76,94,730,2091,405,107,206,509,2115,575,153,1029,258,3079,478,2796,1793,316,125,248,433,668,708,764,845,518,1035,1211,222
100,Unsignalled,Forced Exposure,4,128,127,153,198,323,132,627,205,85,54,121,144,373,54,57,67,74,91,47,123,93,100,91,49,54,198,169,66,65,89,134,106,196,1568,2040,352,158,257,1365,6385,379,110,507,286,1616,632,1397,778,303,179,278,382,1430,346,405,484,265,506,415,160
100,Unsignalled,Forced Exposure,5,137,99,109,296,945,354,179,83,148,76,81,83,1534,61,77,72,75,72,88,60,101,123,74,43,95,134,142,95,122,97,203,157,155,1373,975,1429,315,237,619,4201,1285,151,9768,675,1952,480,2778,565,246,275,274,387,1010,1309,1250,1237,2294,842,406,826
100,Unsignalled,Forced Exposure,6,420,245,240,163,1194,407,144,119,81,102,77,57,287,82,76,52,51,99,52,71,92,125,89,71,77,135,102,38,114,116,72,84,197,334,907,935,176,155,1577,1365,1053,631,598,202,1705,365,3314,2493,284,242,280,323,675,330,1958,733,376,456,461,146
100,Unsignalled,Forced Exposure,7,127,87,495,107,416,152,146,110,55,84,85,114,478,45,79,62,83,132,43,90,106,76,175,83,170,90,117,178,103,115,101,161,1092,524,1630,94,340,170,1310,2488,337,329,1104,419,6966,1220,1372,1470,158,362,196,422,756,1093,1539,237,266,327,573,503
100,Unsignalled,Forced Exposure,8,141,483,77,298,356,98,229,85,40,95,124,105,147,78,50,100,139,110,54,63,129,127,70,136,129,93,91,101,74,91,117,83,177,12230,2024,689,437,319,2048,1525,166,350,3630,906,1355,1442,7569,775,252,238,228,478,735,373,5413,367,556,341,864,637
100,Unsignalled,Forced Exposure,9,80,87,130,365,325,285,203,166,98,73,118,113,1101,99,80,59,63,84,47,62,64,108,63,77,76,132,61,50,98,83,168,300,1686,329,1800,126,659,2181,1008,406,216,199,2054,170,6516,1374,8949,1308,287,173,345,248,1324,781,639,386,356,648,1141,398
100,Unsignalled,Forced Exposure,10,69,259,187,448,123,181,292,162,81,44,156,131,353,41,73,83,80,85,72,74,75,68,68,86,71,122,46,61,80,76,79,559,1801,755,10540,995,290,86,3787,604,339,271,1193,254,1973,382,4174,1822,316,214,526,360,1102,879,330,228,670,257,463,175
100,Unsignalled,Forced Exposure,11,89,451,157,287,849,133,229,81,71,97,157,109,811,54,178,78,98,50,55,138,70,78,88,87,66,94,79,72,83,85,147,149,1050,1260,175,871,204,108,471,8873,345,205,1577,151,1912,248,367,4359,633,422,379,350,1336,1069,568,919,380,261,267,304
100,Unsignalled,Forced Exposure,12,437,135,83,90,1664,85,163,191,95,72,92,95,125,63,40,79,82,93,53,76,66,83,63,78,49,77,71,74,77,72,237,90,193,450,1489,2090,248,100,633,3860,242,508,440,849,912,978,6000,2327,141,284,380,409,751,416,774,300,515,277,765,612
100,Unsignalled,Forced Exposure,13,121,154,213,223,270,124,441,154,46,100,127,87,334,55,108,62,73,69,49,70,52,76,72,114,92,49,66,74,82,91,114,1248,1064,1126,686,85,222,860,343,121,188,223,828,1575,2536,1010,3744,2339,250,459,219,283,836,720,270,278,369,484,779,458
100,Unsignalled,Forced Exposure,14,59,81,106,157,537,84,268,75,48,114,100,113,710,48,47,82,92,78,71,64,55,77,54,71,62,75,87,57,73,85,110,895,296,267,463,824,235,839,798,345,431,250,2411,3598,656,1443,6999,2034,222,270,335,331,1448,947,359,264,265,414,1284,925
100,Unsignalled,Forced Exposure,15,141,58,118,284,1481,142,264,131,179,102,100,57,1339,77,75,52,113,85,76,132,74,79,62,68,86,42,61,90,74,67,90,3562,140,1833,1109,841,1359,1046,1689,5928,417,59,255,415,3338,1238,18552,2773,236,569,298,302,858,960,5705,216,604,674,452,1157
100,Unsignalled,Forced Exposure,16,116,89,55,256,446,262,143,119,66,49,126,82,400,82,66,89,62,84,65,42,50,64,72,50,49,68,58,71,78,69,130,136,1007,1206,631,538,140,391,967,1803,496,628,2406,809,199,79,1667,580,185,230,270,293,1105,931,104,371,367,171,719,578
100,Unsignalled,Forced Exposure,17,696,93,142,154,328,129,174,89,81,79,216,106,180,89,69,79,82,79,55,54,72,100,56,72,44,83,72,61,73,88,102,107,380,1700,591,129,353,77,456,1151,361,95,229,520,563,1094,0,499,345,311,252,691,425,361,130,228,357,839,667,184
100,Unsignalled,Forced Exposure,18,188,117,532,155,264,142,98,91,80,130,85,79,318,58,69,69,55,113,62,228,56,95,65,76,42,62,80,92,61,63,133,188,438,1207,660,598,280,2002,1469,272,227,175,2043,356,3924,80,0,2493,994,361,335,495,1109,1736,556,468,295,298,195,1400
100,Unsignalled,Forced Exposure,19,174,129,98,136,197,253,154,103,96,74,76,78,221,65,62,63,91,103,59,75,63,76,85,73,43,50,77,65,49,77,82,3521,190,1484,662,252,95,538,642,2558,1409,188,701,856,970,138,0,23074,325,478,482,319,1353,504,307,454,264,150,144,1068
100,Unsignalled,Forced Exposure,20,122,85,68,55,181,131,64,77,76,83,98,55,220,80,98,95,89,78,67,119,73,99,57,85,45,58,72,78,52,78,83,231,2922,1861,746,397,202,136,2027,1765,689,362,0,503,2823,77,0,6146,184,288,621,634,143,725,1212,533,236,323,280,1440
13,Signalled,Forced Exposure,1,87,69,63,90,71,80,138,3675,162,74,102,68,97,75,70,71,38,62,89,56,1310,82,199,51,44,93,49,3700,31,397,130,379,95,482,232,255,904,335,220,334,303,122,224,237,498,221,251,170,290,110,186,101,164,185,296,634,135,201,251,198
13,Signalled,Forced Exposure,2,52,72,62,225,52,100,68,124,82,126,60,155,83,92,87,60,60,105,134,123,48,28,64,98,27,45,35,29,55,78,63,294,207,149,185,263,208,458,307,571,741,235,327,183,200,152,495,192,457,198,156,214,217,217,413,448,240,157,168,313
13,Signalled,Forced Exposure,3,78,93,87,89,82,112,138,75,69,78,87,122,100,102,115,87,60,73,96,57,57,58,42,94,62,29,59,94,47,132,315,199,199,227,908,368,237,233,187,312,421,413,206,285,740,207,410,546,362,369,388,345,201,210,323,394,425,283,211,207
13,Signalled,Forced Exposure,4,91,273,92,157,67,85,100,80,117,63,82,104,86,95,106,64,63,49,82,53,29,551,68,25,64,131,1,1110,38,49,82,252,115,265,160,677,298,386,191,192,300,280,544,297,329,189,320,455,338,553,216,220,154,245,153,213,810,314,298,117
13,Signalled,Forced Exposure,5,80,89,95,83,90,126,144,546,61,62,57,136,205,75,74,65,122,67,41,107,29,44,77,168,34,28,63,83,92,27,103,150,137,282,293,206,219,452,475,523,1213,291,488,433,163,292,730,369,421,475,252,220,215,203,287,328,921,407,252,182
13,Signalled,Forced Exposure,6,53,296,120,308,63,98,203,141,131,108,80,271,214,50,99,57,106,42,41,76,92,91,60,57,35,36,39,67,93,82,746,179,134,217,203,258,243,215,217,251,424,435,371,364,257,221,257,297,375,540,252,202,343,774,343,190,321,291,402,258
13,Signalled,Forced Exposure,7,123,55,129,96,99,87,214,140,88,65,121,131,463,100,90,90,33,74,62,70,29,53,43,2,66,74,37,76,82,27,215,159,193,206,201,298,131,302,746,244,375,786,223,439,316,344,261,440,924,481,118,232,253,212,194,289,308,353,422,369
13,Signalled,Forced Exposure,8,92,245,132,76,72,82,136,122,80,102,56,61,61,338,166,81,90,55,82,43,42,96,203,30,35,175,24,83,63,81,252,208,182,262,303,164,377,816,286,401,266,236,557,207,590,254,660,541,728,455,334,234,183,203,254,283,511,269,345,256
13,Signalled,Forced Exposure,9,788,62,202,54,203,177,165,98,147,106,85,120,63,60,63,40,99,77,85,44,53,28,91,57,77,37,34,56,29,113,5844,181,191,181,183,441,267,568,330,298,495,325,6620,291,407,208,168,479,728,473,447,258,327,314,512,333,325,495,366,213
13,Signalled,Forced Exposure,10,267,123,232,95,90,124,243,124,84,70,48,152,84,103,72,93,39,54,61,75,51,66,108,153,6,42,31,48,39,89,275,216,166,254,229,515,421,273,472,350,319,685,524,703,466,329,426,434,1076,748,236,231,287,210,954,333,344,548,298,256
13,Signalled,Forced Exposure,11,99,312,71,129,86,180,157,96,94,71,92,68,78,95,68,88,72,66,93,222,62,63,78,29,28,146,33,31,70,96,123,345,184,135,248,263,1079,185,504,438,425,566,768,677,255,230,403,619,890,335,219,155,246,481,298,606,339,287,301,209
13,Signalled,Forced Exposure,12,66,98,71,84,56,104,101,106,57,335,64,80,64,55,107,80,54,39,31,157,80,101,64,85,91,87,65,55,87,39,1329,191,490,289,360,312,609,311,626,457,311,233,842,653,212,219,563,804,339,331,227,293,210,396,458,473,491,262,410,338
13,Signalled,Forced Exposure,13,1539,55,275,90,128,90,117,105,88,136,111,130,63,637,78,353,80,50,98,45,63,58,43,30,26,29,34,35,130,92,3363,230,154,146,424,117,1152,388,943,439,581,591,792,212,366,293,355,580,691,574,375,218,218,425,247,276,990,302,364,289
13,Signalled,Forced Exposure,14,77,51,52,75,118,111,162,122,102,121,95,91,116,56,85,58,88,64,86,63,55,53,39,38,8,27,90,54,60,88,1786,388,156,240,256,277,904,646,801,287,483,458,836,216,516,357,524,585,743,629,304,344,198,338,512,389,464,271,452,456
13,Signalled,Forced Exposure,15,1094,269,169,65,133,223,96,145,89,157,84,124,149,173,86,271,81,91,57,77,45,26,55,58,33,111,85,91,79,78,807,354,214,195,242,519,217,294,496,350,398,592,462,742,422,281,491,717,729,323,470,294,325,454,411,486,484,254,459,274
13,Signalled,Forced Exposure,16,76,56,137,86,146,143,102,143,106,151,133,89,115,93,78,61,102,60,35,81,11,78,153,51,27,92,97,111,59,2,131,402,168,226,530,184,354,486,811,784,490,463,591,486,339,392,303,668,671,785,341,474,230,344,421,748,585,292,268,270
13,Signalled,Forced Exposure,17,83,145,76,137,158,113,96,148,114,120,174,84,87,57,72,29,67,84,87,67,80,109,28,89,41,42,25,27,127,30,331,165,185,167,727,237,375,294,718,658,327,593,464,666,307,472,478,646,387,339,461,287,281,421,422,581,501,288,304,225
13,Signalled,Forced Exposure,18,54,161,89,107,153,122,120,191,163,63,92,52,63,98,57,143,79,67,54,34,29,89,31,53,36,54,78,75,48,57,184,426,170,338,209,590,734,527,131,590,296,424,746,413,455,363,1086,979,646,954,547,272,345,703,389,261,299,214,365,411
13,Signalled,Forced Exposure,19,125,104,312,105,324,255,96,288,105,102,117,93,88,122,82,157,62,55,70,54,120,44,115,4,147,39,110,94,29,31,395,227,154,145,202,446,536,320,288,275,662,322,310,351,387,349,546,443,465,638,625,225,948,297,825,345,527,294,532,229
13,Signalled,Forced Exposure,20,309,1593,61,66,139,509,87,207,64,84,140,113,56,128,91,99,85,66,53,9,34,99,35,61,112,28,58,208,34,67,213,492,117,200,345,723,438,451,306,347,715,448,699,471,363,506,450,1099,480,1025,387,537,511,299,545,548,347,501,467,220
13,Unsignalled,Forced Exposure,1,107,281,218,132,48,103,61,845,1190,94,69,183,51,120,63,66,79,94,101,117,4152,64,457,107,119,13084,175,413,1743,1671,784,41,65,2,141,157,12,100,66,29,101,61,52,69,32,40,108,42,103,7,27,49,87,33,90,92,69,87,35,31
13,Unsignalled,Forced Exposure,2,79,115,82,55,53,79,335,142,38,7612,118,63,184,98,110,475,134,90,156,102,862,139,309,548,632,1380,2868,91,404,428,147,107,76,45,82,107,11,35,29,27,50,25,51,125,31,35,10,38,27,33,80,34,69,90,60,59,35,70,69,74
13,Unsignalled,Forced Exposure,3,91,234,63,95,77,114,75,2717,89,152,118,121,36,333,127,355,130,391,169,153,62,161,379,276,1257,101,85,471,1109,1005,70,113,84,108,32,86,59,55,30,112,48,27,3,27,32,53,33,41,9,39,6,40,58,28,54,75,61,107,29,30
13,Unsignalled,Forced Exposure,4,111,105,327,174,258,71,75,2128,117,45,162,152,66,153,106,68,64,228,54,52,398,269,1025,664,1047,702,604,110,1095,1266,56,30,46,4,44,29,79,25,8,25,55,29,28,4,62,26,27,27,25,33,27,88,82,35,12,11,28,33,2,57
13,Unsignalled,Forced Exposure,5,67,176,85,146,96,59,128,64,50,298,134,80,433,112,258,59,96,63,68,1292,565,814,1385,610,1807,649,696,61,117,509,39,85,38,29,54,35,31,10,32,54,87,79,29,58,35,27,6,26,6,31,31,106,90,28,65,33,33,34,38,29
13,Unsignalled,Forced Exposure,6,88,482,280,155,49,34,89,147,65,137,80,35,541,181,359,170,109,15836,2351,531,3844,373,283,4003,566,664,542,3820,72,2416,31,60,215,27,28,32,38,6,26,26,27,61,32,43,63,1,60,26,27,35,26,55,35,109,31,64,230,30,12,57
13,Unsignalled,Forced Exposure,7,87,106,55,3026,111,36,67,350,28,3457,395,209,203,94,53,59,333,90,356,2020,566,605,308,829,311,1238,344,89,470,72,95,89,87,4,87,8,29,32,31,145,57,10,29,51,51,105,27,57,23,27,9,8,58,24,60,63,83,29,68,33
13,Unsignalled,Forced Exposure,8,281,117,112,187,167,94,72,686,76,62,8398,240,156,182,59,197,68,74,405,49,1059,1385,121,306,460,1861,502,1468,545,184,115,69,49,30,30,7,131,57,42,60,28,32,24,8,1,2,2,59,3,9,56,22,46,34,27,56,32,29,9,28
13,Unsignalled,Forced Exposure,9,150,121,334,7416,61,115,121,4234,120,1428,103,395,1608,618,195,1901,867,669,319,871,1981,629,661,788,785,844,82,1030,64,517,105,56,31,46,29,63,43,56,27,12,26,25,26,67,3,27,91,81,27,28,55,33,65,31,58,100,66,32,58,27
13,Unsignalled,Forced Exposure,10,264,1647,97,10481,182,63,56,3340,61,1444,3429,545,1789,509,69,432,125,204,139,1102,467,317,304,711,562,485,715,2373,350,132,51,78,96,57,11,11,87,4,26,26,57,27,99,28,26,57,37,38,55,3,2,84,29,10,54,86,95,29,7,26
13,Unsignalled,Forced Exposure,11,92,247,117,278,106,1090,585,150,703,106,956,188,99,54,75,799,370,223,788,95,1609,6370,61,61,641,1017,245,716,625,1276,35,49,145,91,62,36,30,56,27,5,26,33,27,74,41,26,83,28,8,32,41,29,70,60,113,73,4,78,4,27
13,Unsignalled,Forced Exposure,12,110,119,85,235,3788,40,106,53,98,40,1611,60,147,192,241,2235,128,974,474,305,1181,6859,1085,442,313,32,1426,658,942,72,33,57,57,52,49,92,33,33,26,88,85,26,11,26,2,8,27,9,27,24,37,28,29,74,4,1,8,56,40,40
13,Unsignalled,Forced Exposure,13,190,121,124,74,2021,34,108,98,60,48,2016,535,130,200,139,335,359,347,1171,305,74,12419,373,584,1133,574,168,501,525,293,31,72,95,72,58,60,28,28,120,57,98,27,27,26,30,33,28,8,4,5,27,1,91,27,55,28,31,7,33,32
13,Unsignalled,Forced Exposure,14,150,119,83,194,49,77,303,50,85,82,51,86,33,93,51,37,1183,76,120,1214,177,1397,521,732,459,361,487,687,449,463,38,50,63,67,71,57,28,26,27,71,12,65,3,30,27,29,58,33,26,31,81,29,39,33,6,35,8,48,4,30
13,Unsignalled,Forced Exposure,15,66,61,115,3417,277,93,82,37,38,55,1974,604,645,255,107,228,504,882,1121,1364,186,142,613,96,492,686,472,1316,342,841,32,71,69,38,81,54,58,27,2,5,73,82,29,28,71,32,25,62,13,1,26,27,88,2,52,40,31,9,41,27
13,Unsignalled,Forced Exposure,16,198,114,232,72,73,35,142,53,71,39,87,110,74,82,1130,56,862,180,651,477,155,83,63,412,1955,1048,884,2302,1648,38,54,61,10,93,75,25,27,77,86,4,4,54,2,25,57,56,47,74,6,31,10,5,51,29,27,61,11,53,92,9
13,Unsignalled,Forced Exposure,17,193,114,229,2449,53,66,158,36,381,227,45,959,474,334,70,388,101,47,5961,343,1728,314,55,504,95,355,101,535,340,49,39,73,86,28,31,55,28,26,73,28,60,5,32,43,26,66,26,23,29,87,5,33,58,83,24,12,27,4,47,26
13,Unsignalled,Forced Exposure,18,253,3298,220,114,44,166,92,40,77,199,40,58,101,45,223,837,1318,962,468,226,3249,1157,229,6208,366,973,46,636,793,610,34,107,11,7,63,37,30,84,38,76,32,29,70,26,24,28,7,3,24,56,27,8,27,10,27,32,29,96,54,56
13,Unsignalled,Forced Exposure,19,180,653,1849,116,35,515,108,27,249,197,85,803,91,236,164,1460,556,376,125,323,601,194,142,196,504,299,641,505,374,942,51,73,43,58,30,35,26,56,59,34,26,88,54,39,26,26,31,39,27,23,81,27,28,27,89,27,28,27,36,28
13,Unsignalled,Forced Exposure,20,108,93,2990,0,28,8864,591,43,234,141,544,83,4317,413,451,716,3070,1466,377,562,95,723,68,522,487,1319,771,41,1010,64,104,85,76,115,70,29,36,26,28,72,32,1,37,30,1,29,33,84,26,61,33,4,28,7,1,32,62,1,65,27
1269,Signalled,Forced Exposure,1,61,52,58,59,714,104,63,49,62,36,49,37,52,67,168,156,101,49,13,53,58,44,63,195,55,55,64,53,51,49,176,41,126,332,57,121,56,48,63,67,73,60,253,90,93,90,89,194,154,90,182,67,75,90,49,148,76,103,148,46
1269,Signalled,Forced Exposure,2,38,66,75,70,132,110,94,84,62,53,34,49,62,117,69,46,92,55,11,56,113,56,51,65,8,62,54,10,117,47,74,194,56,61,50,72,47,61,46,97,311,75,46,114,50,75,68,115,272,80,189,181,57,177,56,65,48,93,165,68
1269,Signalled,Forced Exposure,3,60,54,99,79,77,130,104,88,60,51,48,45,52,125,66,83,87,81,57,43,86,49,39,58,96,90,49,55,8,62,125,234,61,92,77,74,40,117,72,64,82,61,81,63,64,112,86,100,80,227,77,138,82,103,106,65,151,98,107,73
1269,Signalled,Forced Exposure,4,57,116,142,78,101,57,77,101,50,52,37,57,62,49,45,115,79,60,93,124,133,64,40,49,56,59,43,52,48,77,60,155,35,86,52,69,51,79,61,39,47,70,65,49,84,87,119,87,305,48,53,171,184,83,262,41,74,80,82,208
1269,Signalled,Forced Exposure,5,74,128,44,69,173,147,68,69,54,49,48,40,46,121,149,67,175,98,140,45,116,86,121,55,53,46,11,78,61,98,113,51,65,44,63,76,76,83,47,142,49,42,79,71,74,64,96,70,225,64,446,129,125,66,52,80,68,198,69,72
1269,Signalled,Forced Exposure,6,88,105,94,99,174,174,105,86,717,64,62,64,43,60,110,58,127,52,94,62,58,77,113,59,97,52,49,1,8,43,227,117,61,69,75,49,76,62,44,74,53,79,63,82,68,219,370,116,184,135,72,57,67,68,144,105,144,63,133,49
1269,Signalled,Forced Exposure,7,51,235,55,101,242,102,55,67,45,45,53,55,36,67,53,42,89,114,63,94,3,64,115,86,65,10,49,35,7,1,678,371,27,35,56,46,73,68,33,82,111,75,67,588,69,66,80,171,109,138,66,146,69,80,63,68,98,48,75,90
1269,Signalled,Forced Exposure,8,74,64,35,46,139,125,83,111,59,37,34,43,46,42,74,44,78,74,63,48,74,132,53,50,49,5,7,84,53,45,186,62,96,82,77,73,54,68,68,210,64,126,73,64,95,65,52,127,76,171,130,51,82,75,46,71,185,49,81,74
1269,Signalled,Forced Exposure,9,93,77,93,58,161,70,67,108,53,33,64,45,43,49,86,108,45,96,49,102,155,87,10,52,55,50,13,10,72,125,672,165,81,44,51,70,46,95,89,71,165,64,261,51,68,175,67,46,187,67,56,71,65,193,66,69,88,71,48,110
1269,Signalled,Forced Exposure,10,71,66,56,107,221,64,124,77,109,39,46,56,63,36,48,84,104,57,46,3,51,73,54,60,68,44,46,94,110,51,97,109,142,66,131,69,53,57,118,78,76,62,53,46,92,44,231,77,979,184,69,157,49,123,446,72,67,46,70,65
1269,Signalled,Forced Exposure,11,49,67,72,75,125,46,79,66,52,65,34,46,94,59,73,110,213,84,87,65,67,54,57,62,13,50,50,97,67,55,189,71,35,54,48,45,71,57,80,96,62,88,91,48,346,70,69,54,139,69,1270,113,70,46,104,75,69,65,47,53
1269,Signalled,Forced Exposure,12,54,66,63,58,128,61,61,79,58,37,51,51,56,71,58,129,71,78,8,89,38,53,51,56,9,46,49,171,1,6,46,74,117,60,141,78,154,192,55,69,200,62,48,64,99,78,436,151,125,208,65,57,67,240,107,81,46,241,67,51
1269,Signalled,Forced Exposure,13,78,98,48,129,139,53,75,98,49,53,70,52,50,49,44,56,101,65,54,87,60,76,62,85,54,128,39,41,98,51,427,657,219,89,49,70,67,72,68,83,57,169,74,93,91,129,45,65,47,66,74,54,50,209,69,423,63,107,87,64
1269,Signalled,Forced Exposure,14,31,69,72,107,47,114,61,90,63,48,52,50,108,69,100,116,58,56,54,4,98,137,82,55,52,47,50,89,36,11,877,79,55,51,64,69,41,74,74,58,67,109,122,49,63,67,47,84,344,275,173,208,45,86,139,58,81,64,226,75
1269,Signalled,Forced Exposure,15,34,170,51,161,84,127,74,102,54,120,34,60,36,58,54,51,50,1,96,66,112,62,53,12,58,56,9,84,112,46,472,183,78,74,79,56,52,76,79,54,94,84,52,83,78,102,67,68,107,263,67,46,43,61,90,129,67,76,47,90
1269,Signalled,Forced Exposure,16,38,82,95,168,45,76,76,97,52,100,51,57,43,53,106,77,108,36,61,100,93,92,68,71,94,51,53,55,50,121,92,134,110,53,49,48,77,48,42,50,115,69,252,86,99,80,44,79,71,111,136,167,96,86,48,65,58,62,66,73
1269,Signalled,Forced Exposure,17,57,164,27,143,218,73,61,51,55,50,49,35,35,93,84,104,114,65,92,100,58,36,55,76,49,36,52,61,56,48,483,91,183,69,210,67,46,61,78,104,207,112,58,81,242,45,67,80,82,188,73,67,51,57,48,86,69,67,248,48
1269,Signalled,Forced Exposure,18,87,58,167,199,124,79,59,33,48,38,49,46,48,71,78,55,62,11,4,106,44,115,58,90,78,119,36,6,41,60,552,79,80,96,149,51,79,56,74,87,65,67,86,66,67,102,66,118,87,145,99,50,47,45,88,69,71,68,46,48
1269,Signalled,Forced Exposure,19,85,124,119,122,97,57,58,56,60,64,35,38,54,60,42,93,36,55,41,51,2,92,52,90,85,125,1,59,52,121,88,140,108,187,58,83,76,126,102,54,48,72,56,121,73,74,78,255,115,185,48,69,104,101,68,72,48,160,49,130
1269,Signalled,Forced Exposure,20,93,58,52,92,136,78,89,61,43,52,106,56,97,35,92,95,48,52,5,77,72,50,68,53,2,78,53,53,72,67,124,127,70,53,81,75,126,76,83,83,49,98,73,77,82,49,45,68,52,62,70,115,56,57,105,64,74,174,68,71
1269,Unsignalled,Forced Exposure,1,83,82,72,62,317,235,1251,120,77,664,856,998,366,366,416,656,302,339,73,461,1204,235,457,422,1758,294,422,604,128,356,69,144,116,62,73,94,97,55,97,86,56,68,52,84,82,115,90,73,115,65,99,98,53,188,73,75,257,59,89,64
1269,Unsignalled,Forced Exposure,2,121,148,487,230,1157,1322,303,406,85,538,1698,390,670,347,559,346,715,622,651,797,501,502,767,1138,1101,727,550,272,911,976,38,100,66,85,117,120,55,69,101,67,166,166,85,80,50,339,60,76,83,38,319,63,65,86,81,258,115,134,57,100
1269,Unsignalled,Forced Exposure,3,157,85,1022,297,639,299,417,1061,80,529,1431,540,455,598,409,314,720,552,1560,683,441,644,540,488,1257,1794,550,550,1531,415,94,82,65,51,114,87,71,80,91,137,156,719,74,129,80,107,106,277,227,39,65,106,115,107,45,178,174,58,213,71
1269,Unsignalled,Forced Exposure,4,90,198,238,207,441,1554,282,280,395,567,1134,416,835,383,261,542,1377,1092,1621,735,792,583,656,944,963,470,5455,1805,721,1206,84,79,85,79,1713,91,54,47,167,91,49,107,247,171,113,235,360,115,241,195,77,98,195,83,192,78,310,161,227,47
1269,Unsignalled,Forced Exposure,5,75,218,366,667,259,1884,848,573,71,661,3896,416,449,190,778,703,1527,2577,2225,660,627,833,547,1546,1365,2762,163,739,741,1709,63,88,59,769,133,59,1351,71,133,60,284,95,78,48,343,352,156,97,42,252,551,74,113,94,72,92,134,93,69,185
1269,Unsignalled,Forced Exposure,6,67,854,212,1420,655,291,484,383,360,572,1834,715,900,455,301,1094,1059,1144,1894,1383,924,1050,991,1904,576,702,776,1992,1987,1400,87,69,111,73,63,132,100,131,57,251,206,563,159,568,274,146,59,161,159,109,116,108,178,163,126,664,92,137,137,207
1269,Unsignalled,Forced Exposure,7,93,534,361,478,212,1092,447,1064,499,2954,1596,356,607,598,621,1259,1248,1228,3341,1380,592,1795,529,1230,1031,836,559,711,523,984,2217,114,98,55,104,53,100,149,82,126,441,329,53,146,144,62,291,53,99,105,116,142,115,99,98,144,128,566,238,82
1269,Unsignalled,Forced Exposure,8,70,598,37,490,926,654,1042,379,129,2679,939,639,417,253,399,552,996,1480,2870,764,1239,1602,1600,681,763,675,1348,1384,926,644,141,77,110,189,649,55,136,92,120,262,52,261,73,155,228,59,105,139,312,79,114,58,165,97,60,128,74,215,82,161
1269,Unsignalled,Forced Exposure,9,93,542,258,308,736,699,464,643,414,1210,1123,612,1676,226,543,1097,651,1291,1412,1146,345,1472,873,608,719,668,657,519,387,868,103,48,334,54,120,64,102,123,83,99,56,76,113,140,245,210,218,82,300,156,124,118,124,131,143,75,204,190,157,94
1269,Unsignalled,Forced Exposure,10,55,1426,271,729,1206,571,1397,371,104,721,1617,562,613,837,365,559,1014,322,2153,1226,843,1124,365,582,623,1196,713,1309,477,617,47,71,98,65,88,501,938,83,336,80,170,49,142,75,95,196,112,192,46,136,219,176,56,45,175,156,61,63,139,73
1269,Unsignalled,Forced Exposure,11,82,308,547,714,682,435,2008,310,2337,979,667,490,368,1247,330,887,1596,763,1646,416,1859,226,1264,761,415,506,542,622,399,375,70,54,61,348,2197,99,181,70,115,135,87,95,96,78,123,55,368,363,136,167,120,55,171,50,186,98,157,90,35,187
1269,Unsignalled,Forced Exposure,12,112,423,330,445,1327,717,70,752,745,532,926,224,1072,705,288,808,594,716,1255,757,786,578,1086,642,398,838,1104,1442,384,534,75,94,51,219,73,143,2344,52,69,38,85,95,136,275,914,168,144,110,131,144,226,79,224,205,241,88,256,97,118,48
1269,Unsignalled,Forced Exposure,13,89,129,242,141,923,161,49,154,1382,1921,1382,555,61,289,200,659,1635,724,454,754,1295,870,561,810,580,1012,1575,2411,525,1111,98,77,100,73,8118,1772,64,244,54,65,135,447,294,235,243,194,71,293,88,173,89,174,402,59,80,315,227,232,278,61
1269,Unsignalled,Forced Exposure,14,426,130,387,268,819,960,66,976,133,275,926,357,334,425,680,440,560,1207,1431,574,1169,1934,1717,946,1687,1166,1165,530,407,938,307,40,615,324,91,1821,88,113,121,89,175,124,165,255,98,87,434,221,184,66,358,90,334,327,230,267,75,291,123,127
1269,Unsignalled,Forced Exposure,15,187,220,94,50,1431,1159,85,67,643,517,540,1058,763,329,548,948,1656,388,396,1360,771,577,673,389,563,210,586,1368,830,503,78,55,48,3413,77,134,45,264,96,123,394,221,171,369,69,73,119,102,64,183,150,88,76,143,120,86,393,75,129,83
1269,Unsignalled,Forced Exposure,16,176,83,203,223,509,416,247,1871,1988,1141,842,413,943,386,403,254,379,712,428,943,1061,1020,70,638,1241,1795,2613,935,711,406,61,65,76,356,46,90,53,295,71,162,1208,197,172,197,174,65,183,89,91,45,145,136,59,86,196,115,127,244,144,92
1269,Unsignalled,Forced Exposure,17,61,154,86,1011,163,416,228,285,67,1024,1269,343,1319,305,1035,914,720,1379,667,760,1372,805,1256,1420,473,572,444,1323,347,776,55,58,66,3429,43,83,77,106,83,115,317,464,148,116,121,313,75,84,83,75,108,89,47,72,33,154,45,92,81,50
1269,Unsignalled,Forced Exposure,18,410,184,770,135,566,804,816,115,592,641,213,545,1395,971,400,955,442,2120,716,816,404,520,1054,785,1280,1170,872,1076,466,1071,55,138,137,57,49,75,102,91,116,104,116,442,88,82,185,602,71,181,373,56,165,73,84,100,187,177,55,596,84,79
1269,Unsignalled,Forced Exposure,19,52,92,60,403,458,107,84,1514,1241,379,777,816,610,202,522,2490,1061,1187,981,462,1101,1012,215,110,1307,624,908,344,744,1343,113,50,87,82,54,80,86,64,84,80,153,97,151,93,819,104,81,158,213,198,48,95,51,81,62,160,99,271,45,97
1269,Unsignalled,Forced Exposure,20,234,97,305,393,2582,2259,704,70,947,735,844,291,259,184,434,1138,948,957,789,329,774,598,986,289,72,2588,391,1216,906,238,88,106,70,109,94,141,82,312,114,187,759,290,162,156,153,268,70,231,91,249,79,64,186,54,80,88,216,88,77,107
822,Signalled,Forced Exposure,1,73,79,91,137,88,81,59,146,61,59,90,108,63,100,94,53,80,43,150,362,185,127,236,167,160,95,127,300,93,422,498,554,269,310,129,871,229,163,290,224,210,292,207,70,121,145,140,464,129,455,245,239,110,188,280,234,145,202,100,230
822,Signalled,Forced Exposure,2,144,116,73,86,119,118,92,83,80,92,103,82,65,74,52,87,187,117,83,208,107,101,110,69,90,117,107,220,841,215,6035,666,253,118,196,148,622,212,163,219,147,241,245,68,108,146,93,83,140,198,214,113,166,187,91,93,184,204,147,126
822,Signalled,Forced Exposure,3,182,73,146,178,182,201,98,96,81,98,68,158,128,349,52,220,198,194,105,45,107,237,65,161,82,60,172,407,88,253,8560,216,335,188,173,108,172,323,127,283,178,258,118,283,107,96,186,117,236,412,104,91,91,119,170,74,185,72,243,178
822,Signalled,Forced Exposure,4,162,66,110,139,83,106,293,90,81,293,1067,859,419,117,65,200,68,121,127,91,101,53,45,115,62,47,94,265,272,501,1473,376,148,231,113,139,319,172,228,406,199,250,268,129,249,401,209,165,149,123,252,150,114,97,144,135,173,79,83,91
822,Signalled,Forced Exposure,5,76,119,111,122,149,159,677,118,206,677,620,69,74,100,128,89,81,249,96,70,117,89,78,96,113,167,178,3602,251,193,985,555,152,191,271,121,246,300,119,115,611,167,173,151,270,335,119,223,185,147,90,181,129,111,125,132,67,116,64,160
822,Signalled,Forced Exposure,6,84,166,96,301,159,95,474,106,78,474,165,68,52,63,103,83,45,165,98,133,61,86,119,59,117,63,85,1347,221,473,4639,736,141,916,295,375,135,238,378,190,292,492,187,138,464,140,166,306,105,111,68,92,98,77,102,86,264,125,137,135
822,Signalled,Forced Exposure,7,65,265,326,422,207,122,399,147,98,399,73,64,102,62,167,96,130,81,221,71,50,101,101,428,133,133,179,,414,170,2408,470,149,1015,261,141,353,213,189,152,237,332,261,300,83,164,214,129,65,228,312,126,219,183,122,157,173,73,174,97
822,Signalled,Forced Exposure,8,357,532,67,278,239,163,111,65,477,111,161,61,251,61,146,63,110,89,91,40,101,195,94,79,124,179,205,,742,779,2051,614,214,729,469,204,311,197,424,170,186,270,135,70,124,161,154,243,72,205,158,80,93,78,203,196,138,96,108,66
822,Signalled,Forced Exposure,9,142,93,89,303,278,172,114,89,83,114,74,251,54,223,75,192,141,58,68,92,292,130,47,179,103,129,129,,600,463,2106,733,526,330,192,170,157,92,154,127,152,187,293,380,73,230,161,93,212,96,133,220,78,93,104,127,75,131,79,245
822,Signalled,Forced Exposure,10,57,100,83,91,127,126,101,226,58,101,261,164,73,108,66,92,105,88,43,205,75,110,61,260,51,161,218,,454,206,1731,1009,199,106,221,185,163,218,755,172,137,162,177,164,215,100,198,161,140,172,132,151,93,177,117,70,143,74,96,162
822,Signalled,Forced Exposure,11,249,262,107,489,491,110,91,77,186,91,63,95,89,159,97,102,42,156,89,85,73,68,194,104,252,107,126,,3363,145,754,508,116,759,146,289,228,740,115,117,277,87,2541,189,208,144,93,109,188,90,142,176,114,164,175,170,118,86,83,147
822,Signalled,Forced Exposure,12,116,121,121,315,228,150,141,79,580,141,152,68,70,120,190,94,161,65,106,158,279,86,122,50,89,138,128,,3379,221,1287,474,146,1305,310,138,1092,110,705,303,133,165,252,110,209,101,184,158,95,117,114,77,100,212,134,194,153,56,133,238
822,Signalled,Forced Exposure,13,164,108,65,99,73,118,106,268,178,106,152,140,120,111,61,83,97,118,233,87,162,94,111,236,90,61,136,,92,181,3066,540,277,2060,265,121,366,774,243,92,221,880,453,218,282,191,98,173,119,114,97,76,86,147,174,293,100,69,159,103
822,Signalled,Forced Exposure,14,305,416,254,182,79,90,132,199,1212,132,178,66,72,115,104,113,264,176,131,275,75,255,95,328,144,75,170,,140,157,1891,584,185,1126,216,195,616,269,151,546,89,181,204,157,95,136,84,176,466,135,230,222,204,128,101,68,64,64,91,93
822,Signalled,Forced Exposure,15,106,180,72,158,139,74,142,85,89,142,224,62,729,95,145,125,81,148,281,62,153,155,102,80,89,135,98,,186,184,1259,735,239,263,178,247,502,150,183,180,203,126,311,221,128,122,155,198,106,79,108,96,194,114,180,71,66,67,129,97
822,Signalled,Forced Exposure,16,116,291,281,91,130,120,153,147,63,153,562,111,62,60,163,102,70,45,141,164,79,61,192,87,82,74,94,,124,262,2302,746,1013,210,372,68,242,196,171,178,195,283,311,269,118,95,241,150,76,98,96,72,168,104,102,110,61,69,78,74
822,Signalled,Forced Exposure,17,114,72,121,220,121,67,121,66,147,121,200,154,83,64,69,101,45,95,92,220,44,143,226,98,157,53,114,,229,92,910,356,213,3093,250,254,295,158,164,214,326,851,111,362,149,92,76,176,96,109,153,136,124,108,171,114,78,80,65,140
822,Signalled,Forced Exposure,18,95,105,60,115,123,76,112,56,101,112,86,301,100,110,221,95,106,90,250,57,121,93,71,85,112,87,182,,615,286,670,339,331,220,164,156,486,231,214,166,157,260,176,134,166,96,150,153,113,93,257,185,125,143,137,85,59,124,210,76
822,Signalled,Forced Exposure,19,157,83,92,66,97,80,146,80,72,146,68,96,152,88,68,98,59,103,129,52,127,190,216,108,155,102,739,,1171,118,1275,636,187,594,145,225,0,128,388,131,426,444,225,180,156,260,133,89,93,185,209,87,206,115,75,181,134,86,117,97
822,Signalled,Forced Exposure,20,117,116,116,256,77,124,110,204,580,110,99,60,0,51,124,94,126,132,208,52,89,133,137,129,99,282,235,,170,105,1212,485,203,1782,1290,91,0,281,723,438,124,209,265,112,146,165,96,118,100,69,162,245,118,90,131,132,161,154,185,84
822,Unsignalled,Forced Exposure,1,159,132,204,86,170,140,77,255,290,77,293,210,987,233,151,498,202,983,226,322,214,86,179,190,242,369,1078,241,1071,1042,85,104,91,242,87,181,208783,158,273,115,130,93,66,49,81,124,75,103,131,165,135,119,221,211,207,207,183,174,274,193
822,Unsignalled,Forced Exposure,2,130,90,230,83,101,306,144,139,128,144,427,367,2307,1131,197,825,1025,325,253,180,200,277,212,402,768,439,1097,833,929,877,73,74,142,141,110,136,174,150,86,63,117,90,73,62,149,117,135,87,220,350,198,193,419,211,178,351,208,138,429,493
822,Unsignalled,Forced Exposure,3,316,128,149,1298,371,3278,2887,182,1406,2887,1428,829,3962,2627,1054,200,1657,1530,366,654,770,616,1362,758,1487,959,2923,1143,1128,700,117,83,120,118,108,156,2643,188,115,178,97,92,88,123,104,106,191,194,195,227,239,186,633,410,463,333,477,151,519,271
822,Unsignalled,Forced Exposure,4,695,210,111,150,1317,604,1555,103,359,1555,1376,1213,1595,4486,772,3395,1168,885,848,897,540,1725,834,1127,985,1269,1566,2153,2184,494,82,140,107,144,74,151,1326,112,164,112,115,103,74,107,160,93,197,143,120,256,669,295,783,176,600,318,239,186,711,510
822,Unsignalled,Forced Exposure,5,1008,198,258,182,298,259,4975,162,276,4975,1230,1783,1501,4131,352,2063,927,1550,1025,802,752,1169,1105,3078,744,1305,977,2472,2568,715,223,114,1263,190,83,108,221,120,156,144,162,141,157,117,185,183,269,240,255,310,349,769,833,212,278,318,279,210,638,539
822,Unsignalled,Forced Exposure,6,351,177,174,217,267,2453,13345,172,2197,13345,1552,1606,1952,1249,1793,3483,2503,343,1309,1076,1415,837,4011,830,481,821,2526,3153,2431,706,139,134,171,109,157,196,252,88,176,156,197,63,73,103,145,134,240,181,255,127,314,545,910,357,378,387,184,232,366,776
822,Unsignalled,Forced Exposure,7,868,147,106,151,2756,399,126,735,2465,126,2244,1535,9775,1049,589,2973,1176,1228,857,662,1997,3539,1544,962,842,1470,2312,,1498,746,95,93,1005,204,240,148,214,183,96,66,144,68,110,125,162,200,232,174,362,309,362,745,882,267,490,781,466,288,393,986
822,Unsignalled,Forced Exposure,8,176,145,223,180,205,281,2044,172,1502,2044,582,990,2586,1368,1785,718,2438,2189,1776,794,2294,306,2279,2323,979,917,2913,,1964,875,130,153,556,118,142,200,229,130,203,269,151,95,63,73,122,155,219,249,625,296,237,546,503,554,417,231,518,418,617,638
822,Unsignalled,Forced Exposure,9,217,105,162,193,789,216,349,104,3630,349,1645,4064,8782,2450,2319,4643,3288,1022,3079,841,963,1367,2262,860,989,2382,2837,,1789,1034,110,142,918,125,169,175,186,131,106,171,104,101,139,119,63,166,421,202,706,210,388,561,667,185,617,583,383,220,523,398
822,Unsignalled,Forced Exposure,10,451,171,201,517,596,228,187,107,487,187,1348,2765,3458,3779,3458,1128,658,750,1343,1263,1608,841,1886,1107,913,2030,1972,,1476,923,243,152,970,165,148,178,2673,103,79,104,143,185,78,123,132,161,199,246,177,245,178,547,497,534,658,224,416,123,223,635
822,Unsignalled,Forced Exposure,11,332,135,172,274,215,234,149,189,1662,149,536,1143,4623,1577,1335,1570,777,377,2065,1730,879,1732,3698,2409,538,1424,3995,,3747,361,155,225,290,219,126,182,7009,146,138,951,138,194,297,230,207,134,201,180,251,683,331,542,589,282,344,227,284,677,197,675
822,Unsignalled,Forced Exposure,12,170,300,115,147,164,161,217,193,2327,217,1223,2705,27645,3629,368,1173,1700,1616,1381,378,3619,3227,2028,6075,1327,8741,2029,,2366,909,200,186,147,140,177,149,1023,115,104,187,195,88,103,203,214,153,173,251,346,257,705,468,327,257,611,436,182,359,250,524
822,Unsignalled,Forced Exposure,13,206,94,204,288,238,144,114,219,2440,114,643,2267,2688,1850,1164,2214,354,1366,1357,716,1880,2406,2069,1416,1051,1819,5363,,1389,1405,181,160,261,139,160,146,5178,122,107,111,165,96,139,123,204,173,325,207,345,545,384,413,1109,205,305,324,384,297,249,512
822,Unsignalled,Forced Exposure,14,120,142,191,259,231,247,154,165,307,154,555,1133,4778,1520,1214,2241,836,921,916,1443,1265,1805,1898,1702,1024,1410,3713,,1595,726,207,77,610,138,181,185,7798,161,90,92,126,155,65,90,178,235,364,784,210,165,443,875,802,483,363,208,353,355,273,820
822,Unsignalled,Forced Exposure,15,141,137,174,446,163,116,208,180,1032,208,627,2862,5878,529,2660,2181,2198,675,2436,1831,910,1897,1270,974,506,2202,5092,,1411,515,262,139,295,260,535,175,8777,104,200,145,166,259,82,155,145,158,335,299,118,263,179,395,548,210,590,458,519,385,277,461
822,Unsignalled,Forced Exposure,16,246,94,140,234,167,111,178,196,758,178,1697,3676,3794,846,1826,292,1346,2661,1797,1393,2074,671,1191,1463,1099,6969,3394,,964,516,196,440,1523,147,141,126,2415,172,128,148,217,151,217,163,322,144,115,172,282,304,343,952,527,380,228,647,359,374,507,435
822,Unsignalled,Forced Exposure,17,121,110,142,247,246,191,175,143,960,175,1009,3602,3714,1298,2815,1207,868,871,1485,878,888,2536,1862,942,738,4709,2759,,641,899,189,110,478,108,225,164,616,116,128,139,95,135,357,116,195,311,260,224,729,690,669,386,925,278,402,523,390,215,1069,565
822,Unsignalled,Forced Exposure,18,119,177,171,331,183,249,142,119,1082,142,1278,9918,1731,1258,1330,3965,1152,814,2051,3357,1355,1210,1751,683,704,1410,6194,,1336,813,145,637,129,142,221,181,0,202,129,82,185,101,150,127,241,206,221,165,289,909,536,642,425,603,183,363,428,300,432,296
822,Unsignalled,Forced Exposure,19,185,133,227,350,166,208,167,182,1284,167,1110,34911,3680,830,806,896,1061,889,379,2722,1224,340,609,781,921,4542,6450,,1006,709,282,637,252,483,138,183,0,93,59,152,118,111,111,191,166,171,647,180,380,667,660,556,151,341,374,249,398,203,391,638
822,Unsignalled,Forced Exposure,20,173,151,215,126,1020,152,139,167,106,139,957,652,0,1055,526,1762,326,2099,315,1562,1457,5333,1636,590,945,6995,3167,,2200,356,233,717,198,113,156,971,0,166,89,81,88,172,110,151,278,231,620,805,203,589,237,247,533,568,268,235,431,442,404,460
